team,against_team,best_val,worst_val
Burnley,Everton,0.7071067811865476,0.0
Burnley,Liverpool,0.7071067811865476,0.0
Burnley,Newcastle,0.7071067811865476,0.0
Burnley,Watford,0.7071067811865476,0.0
Burnley,Crystal Palace,0.7071067811865476,0.0
Burnley,West Ham,0.7071067811865476,0.0
Burnley,Manchester Blue,0.7071067811865476,0.0
Burnley,Leicester,0.7071067811865476,0.0
Burnley,Manchester Reds,0.7071067811865476,0.0
Burnley,Chelsea,0.7071067811865476,0.0
Burnley,Wolverhampton,0.7071067811865476,0.0
Burnley,Southampton,0.7071067811865476,0.0
Burnley,Bournemouth,0.7071067811865476,0.0
Burnley,London Guns,0.7071067811865476,0.0
Burnley,Tottenham,0.7071067811865476,0.0
Tottenham,Everton,0.848528137423857,0.0
Tottenham,Liverpool,0.848528137423857,0.0
Tottenham,Newcastle,0.848528137423857,0.0
Tottenham,Watford,0.848528137423857,0.0
Tottenham,Crystal Palace,0.848528137423857,0.0
Tottenham,West Ham,0.848528137423857,0.0
Tottenham,Manchester Blue,0.848528137423857,0.0
Tottenham,Leicester,0.848528137423857,0.0
Tottenham,Manchester Reds,0.848528137423857,0.0
Tottenham,Chelsea,0.848528137423857,0.0
Tottenham,Wolverhampton,0.848528137423857,0.0
Tottenham,Southampton,0.848528137423857,0.0
Tottenham,Bournemouth,0.848528137423857,0.0
Tottenham,London Guns,0.848528137423857,0.0
London Guns,Everton,0.848528137423857,0.24
London Guns,Liverpool,0.848528137423857,0.24
London Guns,Newcastle,0.848528137423857,0.24
London Guns,Watford,0.848528137423857,0.24
London Guns,Crystal Palace,0.848528137423857,0.24
London Guns,West Ham,0.848528137423857,0.24
London Guns,Manchester Blue,0.848528137423857,0.24
London Guns,Leicester,0.848528137423857,0.24
London Guns,Manchester Reds,0.848528137423857,0.24
London Guns,Chelsea,0.848528137423857,0.24
London Guns,Wolverhampton,0.848528137423857,0.24
London Guns,Southampton,0.848528137423857,0.24
London Guns,Bournemouth,0.848528137423857,0.24
Bournemouth,Everton,0.7745966692414834,0.0
Bournemouth,Liverpool,0.7745966692414834,0.0
Bournemouth,Newcastle,0.7745966692414834,0.0
Bournemouth,Watford,0.7745966692414834,0.0
Bournemouth,Crystal Palace,0.7745966692414834,0.0
Bournemouth,West Ham,0.7745966692414834,0.0
Bournemouth,Manchester Blue,0.7745966692414834,0.0
Bournemouth,Leicester,0.7745966692414834,0.0
Bournemouth,Manchester Reds,0.7745966692414834,0.0
Bournemouth,Chelsea,0.7745966692414834,0.0
Bournemouth,Wolverhampton,0.7745966692414834,0.0
Bournemouth,Southampton,0.7745966692414834,0.0
Southampton,Everton,0.7745966692414834,0.1
Southampton,Liverpool,0.7745966692414834,0.1
Southampton,Newcastle,0.7745966692414834,0.1
Southampton,Watford,0.7745966692414834,0.1
Southampton,Crystal Palace,0.7745966692414834,0.1
Southampton,West Ham,0.7745966692414834,0.1
Southampton,Manchester Blue,0.7745966692414834,0.1
Southampton,Leicester,0.7745966692414834,0.1
Southampton,Manchester Reds,0.7745966692414834,0.1
Southampton,Chelsea,0.7745966692414834,0.1
Southampton,Wolverhampton,0.7745966692414834,0.1
Wolverhampton,Everton,0.7745966692414834,0.0
Wolverhampton,Liverpool,0.7745966692414834,0.0
Wolverhampton,Newcastle,0.7745966692414834,0.0
Wolverhampton,Watford,0.7745966692414834,0.0
Wolverhampton,Crystal Palace,0.7745966692414834,0.0
Wolverhampton,West Ham,0.7745966692414834,0.0
Wolverhampton,Manchester Blue,0.7745966692414834,0.0
Wolverhampton,Leicester,0.7745966692414834,0.0
Wolverhampton,Manchester Reds,0.7745966692414834,0.0
Wolverhampton,Chelsea,0.7745966692414834,0.0
Chelsea,Everton,0.848528137423857,0.0
Chelsea,Liverpool,0.848528137423857,0.0
Chelsea,Newcastle,0.848528137423857,0.0
Chelsea,Watford,0.848528137423857,0.0
Chelsea,Crystal Palace,0.848528137423857,0.0
Chelsea,West Ham,0.848528137423857,0.0
Chelsea,Manchester Blue,0.848528137423857,0.0
Chelsea,Leicester,0.848528137423857,0.0
Chelsea,Manchester Reds,0.848528137423857,0.0
Manchester Reds,Everton,0.7745966692414834,0.04000000000000001
Manchester Reds,Liverpool,0.7745966692414834,0.04000000000000001
Manchester Reds,Newcastle,0.7745966692414834,0.04000000000000001
Manchester Reds,Watford,0.7745966692414834,0.04000000000000001
Manchester Reds,Crystal Palace,0.7745966692414834,0.04000000000000001
Manchester Reds,West Ham,0.7745966692414834,0.04000000000000001
Manchester Reds,Manchester Blue,0.7745966692414834,0.04000000000000001
Manchester Reds,Leicester,0.7745966692414834,0.04000000000000001
Leicester,Everton,0.7745966692414834,0.0
Leicester,Liverpool,0.7745966692414834,0.0
Leicester,Newcastle,0.7745966692414834,0.0
Leicester,Watford,0.7745966692414834,0.0
Leicester,Crystal Palace,0.7745966692414834,0.0
Leicester,West Ham,0.7745966692414834,0.0
Leicester,Manchester Blue,0.7745966692414834,0.0
Manchester Blue,Everton,0.848528137423857,0.0
Manchester Blue,Liverpool,0.848528137423857,0.0
Manchester Blue,Newcastle,0.848528137423857,0.0
Manchester Blue,Watford,0.848528137423857,0.0
Manchester Blue,Crystal Palace,0.848528137423857,0.0
Manchester Blue,West Ham,0.848528137423857,0.0
West Ham,Everton,0.8366600265340756,0.0
West Ham,Liverpool,0.8366600265340756,0.0
West Ham,Newcastle,0.8366600265340756,0.0
West Ham,Watford,0.8366600265340756,0.0
West Ham,Crystal Palace,0.8366600265340756,0.0
Crystal Palace,Everton,0.7745966692414834,0.0
Crystal Palace,Liverpool,0.7745966692414834,0.0
Crystal Palace,Newcastle,0.7745966692414834,0.0
Crystal Palace,Watford,0.7745966692414834,0.0
Watford,Everton,0.7745966692414834,0.0
Watford,Liverpool,0.7745966692414834,0.0
Watford,Newcastle,0.7745966692414834,0.0
Newcastle,Everton,0.7745966692414834,0.0
Newcastle,Liverpool,0.7745966692414834,0.0
Liverpool,Everton,0.848528137423857,0.0
